img: 56581000, 5659074f
calloc, f7faa0a8, f7faa0ad, 2ed
malloc, f7fb789e, f7fb78a3, 2ed
f7fc6940
f7fc6940
calloc, f7faa0a8, f7faa0ad, 26d
malloc, f7fb789e, f7fb78a3, 26d
f7fc6c30
f7fc6c30
malloc, f7fa20a0, f7fa20a5, 10
f7fc6ea0
malloc, f7fadc05, f7fadc0a, 57
f7fc6eb0
malloc, f7fa72a0, f7fa72a5, 14
f7fc6f10
malloc, f7fa72de, f7fa72e3, f0
cd44d000
malloc, f7fb99e1, f7fb99e6, 11
cd44d0f0
calloc, f7faa0a8, f7faa0ad, 276
malloc, f7fb789e, f7fb78a3, 276
cd44d110
cd44d110
malloc, f7faa36f, f7faa374, 11
cd44d390
malloc, f7facdd7, f7facddc, 14
cd44d3b0
malloc, f7faceaf, f7faceb4, 1c
cd44d3d0
calloc, f7fafb39, f7fafb3e, 60
malloc, f7fb789e, f7fb78a3, 60
cd44d3f0
cd44d3f0
calloc, f7fafb39, f7fafb3e, 40
malloc, f7fb789e, f7fb78a3, 40
cd44d450
cd44d450
calloc, f7fafb39, f7fafb3e, 2b0
malloc, f7fb789e, f7fb78a3, 2b0
cd44d490
cd44d490
calloc, f7fafb39, f7fafb3e, 70
malloc, f7fb789e, f7fb78a3, 70
cd44d740
cd44d740
calloc, f7f9fae8, f7f9faed, 208
malloc, f7fb789e, f7fb78a3, 208
cd44d7b0
cd44d7b0
malloc, f7fb0e83, f7fb0e88, c04
cd44d9c0
calloc, f7fb07d2, f7fb07d7, 88
malloc, f7fb789e, f7fb78a3, 88
cd44e5d0
cd44e5d0
malloc, cd1cf13c, cd1cf141, 1000
malloc, cd1e4815, cd1e481a, 1000
57c0f160
57c0f160
malloc, 56582c67, 56582c6c, 11900000
bb333010
malloc, 56582c67, 56582c6c, 11900000
a9a32010
malloc, 56582c67, 56582c6c, 11900000
98131010
malloc, 565827f6, 565827fb, 46000
980d9010
malloc, 565877a8, 565877ad, 13cc
57c10170
malloc, 5658617d, 56586182, d9b0
57c11540
malloc, 565861bc, 565861c1, 1e8480
97ed2010
malloc, 565861d2, 565861d7, 1e8508
97ce6010
malloc, 565861e5, 565861ea, 40004
97ca5010
malloc, 56587d1c, 56587d21, 13cc
57c10170
malloc, 565865c9, 565865ce, fa74
57c11540
malloc, 5658c83e, 5658c843, 1e8480
97ce6010
malloc, 565877a8, 565877ad, 13cc
57c10170
malloc, 5658617d, 56586182, d9b0
57c11540
malloc, 565861bc, 565861c1, 2ab980
8d6a9010
malloc, 565861d2, 565861d7, 2aba08
8d3fd010
malloc, 565861e5, 565861ea, 40004
57c1ef00
malloc, 56587d1c, 56587d21, 13cc
57c10170
malloc, 565865c9, 565865ce, fa74
57c11540
malloc, 5658c83e, 5658c843, 2ab980
8d6a9010
malloc, 565877a8, 565877ad, 13cc
57c10170
malloc, 5658617d, 56586182, d9b0
57c11540
malloc, 565861bc, 565861c1, 36ee80
8d5c9010
malloc, 565861d2, 565861d7, 36ef08
877b7010
malloc, 565861e5, 565861ea, 40004
57c1ef00
malloc, 56587d1c, 56587d21, 13cc
57c10170
malloc, 565865c9, 565865ce, fa74
57c11540
malloc, 5658c83e, 5658c843, 36ee80
8d5c9010
