img: 8048000, 804ae8b
calloc, f7f320a8, f7f320ad, 2ed
malloc, f7f3f89e, f7f3f8a3, 2ed
f7f4e940
f7f4e940
calloc, f7f320a8, f7f320ad, 26d
malloc, f7f3f89e, f7f3f8a3, 26d
f7f4ec30
f7f4ec30
malloc, f7f2a0a0, f7f2a0a5, 10
f7f4eea0
malloc, f7f35c05, f7f35c0a, 57
f7f4eeb0
malloc, f7f2f2a0, f7f2f2a5, 14
f7f4ef10
malloc, f7f2f2de, f7f2f2e3, f0
cd47b000
malloc, f7f419e1, f7f419e6, 11
cd47b0f0
calloc, f7f320a8, f7f320ad, 276
malloc, f7f3f89e, f7f3f8a3, 276
cd47b110
cd47b110
malloc, f7f3236f, f7f32374, 11
cd47b390
malloc, f7f419e1, f7f419e6, 11
cd47b3b0
calloc, f7f320a8, f7f320ad, 276
malloc, f7f3f89e, f7f3f8a3, 276
cd47b3d0
cd47b3d0
malloc, f7f3236f, f7f32374, 11
cd47b650
malloc, f7f34dd7, f7f34ddc, 1c
cd47b670
malloc, f7f34dd7, f7f34ddc, 14
cd47b690
malloc, f7f34eaf, f7f34eb4, 24
cd47b6b0
calloc, f7f37b39, f7f37b3e, 70
malloc, f7f3f89e, f7f3f8a3, 70
cd47b6e0
cd47b6e0
calloc, f7f37b39, f7f37b3e, 40
malloc, f7f3f89e, f7f3f8a3, 40
cd47b750
cd47b750
calloc, f7f37b39, f7f37b3e, 120
malloc, f7f3f89e, f7f3f8a3, 120
cd47b790
cd47b790
calloc, f7f37b39, f7f37b3e, 2b0
malloc, f7f3f89e, f7f3f8a3, 2b0
cd47b8b0
cd47b8b0
calloc, f7f37b39, f7f37b3e, 70
malloc, f7f3f89e, f7f3f8a3, 70
cd47bb60
cd47bb60
calloc, f7f27ae8, f7f27aed, 208
malloc, f7f3f89e, f7f3f8a3, 208
cd47bbd0
cd47bbd0
malloc, f7f38e83, f7f38e88, c04
cd47bde0
calloc, f7f387d2, f7f387d7, 88
malloc, f7f3f89e, f7f3f8a3, 88
cd47c9f0
cd47c9f0
malloc, cd10e13c, cd10e141, 1000
malloc, cd123815, cd12381a, 1000
819c160
819c160
malloc, 8048855, 804885a, cc77c00
malloc, 8048855, 804885a, cc77c00
bfdd4010
malloc, 8048855, 804885a, cc77c00
malloc, 8048855, 804885a, cc77c00
b313a010
malloc, cd10ebe6, cd10ebeb, 158
819d170
malloc, cd10e13c, cd10e141, 1000
819d2d0
malloc, cd10ebe6, cd10ebeb, 158
819d170
malloc, cd10e13c, cd10e141, 1000
819d2d0
